{
  "image_info": {
    "width": 1920,
    "height": 1080,
    "path": "../cam.png"
  },
  "preprocessing": {
    "input_size": 1088,
    "scale": 0.5666666666666667,
    "padding": [
      0,
      238
    ]
  },
  "model_output": {
    "shape": [
      1,
      6,
      24276
    ],
    "total_anchors": 24276
  },
  "detections": [
    {
      "rank": 1,
      "anchor_idx": 5483,
      "model_coords": {
        "cx": 344.99017333984375,
        "cy": 320.8711853027344,
        "w": 73.38883972167969,
        "h": 50.4100227355957,
        "angle": 0
      },
      "confidence": 0.8322961461521957,
      "image_coords": {
        "cx": 608.8061882467831,
        "cy": 146.24326818129595
      },
      "image_percent": {
        "cx": 31.70865563785329,
        "cy": 13.541043350119994
      }
    },
    {
      "rank": 2,
      "anchor_idx": 5619,
      "model_coords": {
        "cx": 345.28173828125,
        "cy": 329.84674072265625,
        "w": 62.600746154785156,
        "h": 52.129947662353516,
        "angle": 0
      },
      "confidence": 0.831489968263536,
      "image_coords": {
        "cx": 609.3207146139706,
        "cy": 162.08248362821692
      },
      "image_percent": {
        "cx": 31.735453886144306,
        "cy": 15.007637372983048
      }
    },
    {
      "rank": 3,
      "anchor_idx": 19808,
      "model_coords": {
        "cx": 322.740966796875,
        "cy": 316.3681335449219,
        "w": 159.56373596191406,
        "h": 89.9145736694336,
        "angle": 0.0000034570693969726562
      },
      "confidence": 0.82655446772268,
      "image_coords": {
        "cx": 569.5428825827206,
        "cy": 138.29670625574448
      },
      "image_percent": {
        "cx": 29.66369180118337,
        "cy": 12.805250579235599
      }
    }
  ]
}