{
  "image_path": "/home/alec/git/pokemon/cam.png",
  "pt_results": {
    "detections": 3,
    "confidences": [
      0.9802019000053406,
      0.6811246275901794,
      0.5408236980438232
    ],
    "inference_time_ms": 108.11448097229004
  },
  "onnx_results": {
    "detections": 3,
    "confidences": [
      0.9806281924247742,
      0.6900887489318848,
      0.4619549512863159
    ],
    "inference_time_ms": 59.87691879272461,
    "output_shape": [
      [
        1,
        300,
        7
      ]
    ],
    "processed_detections": [
      {
        "cx": 1091.7072251263787,
        "cy": 571.0413315716912,
        "w": 262.5669950597427,
        "h": 353.0152534036076,
        "angle": 0.049888551235198975,
        "confidence": 0.9806281924247742,
        "class": 0
      },
      {
        "cx": 287.66835829790904,
        "cy": 409.5892693014706,
        "w": 504.4167372759651,
        "h": 611.2193029067096,
        "angle": 0.2864049971103668,
        "confidence": 0.6900887489318848,
        "class": 0
      },
      {
        "cx": 1854.5456112132354,
        "cy": 244.77458280675552,
        "w": 453.43775132123164,
        "h": 173.62537159639245,
        "angle": 1.5016932487487793,
        "confidence": 0.4619549512863159,
        "class": 0
      }
    ],
    "nms_built_in": true
  },
  "comparison": {
    "detection_diff": 0,
    "time_diff": 48.23756217956543,
    "pt_faster": false
  }
}